source1_entity_id	matched_entity_ids
S1-00001	
S1-00002	S2-000003
S1-00003	S2-000006,S2-000007,S3-000001
S1-00004	
S1-00005	S2-000009
S1-00006	S2-000012,S3-000002,S3-000003
S1-00007	
S1-00008	
S1-00009	
S1-00010	S2-000017,S2-000018,S2-000019,S3-000004
S1-00011	S3-000005
S1-00012	S2-000024
S1-00013	S2-000027,S3-000006
S1-00014	S3-000007
S1-00015	
S1-00016	S3-000008
S1-00017	S2-000032
S1-00018	S2-000034,S3-000009
S1-00019	
S1-00020	S3-000010
S1-00021	S3-000011
S1-00022	
S1-00023	S2-000040,S3-000012
S1-00024	S3-000013
S1-00025	S3-000014
S1-00026	S3-000015
S1-00027	S2-000045,S2-000046,S3-000016,S3-000017
S1-00028	S2-000049
S1-00029	
S1-00030	S2-000052,S3-000018
S1-00031	
S1-00032	S2-000054,S3-000019,S3-000020
S1-00033	S3-000021
S1-00034	S2-000055,S3-000022
S1-00035	
S1-00036	S2-000059
S1-00037	S3-000023
S1-00038	S2-000060
S1-00039	
S1-00040	
S1-00041	
S1-00042	
S1-00043	
S1-00044	
S1-00045	S2-000071,S3-000024
S1-00046	S3-000025
S1-00047	S2-000075,S3-000026,S3-000027
S1-00048	
S1-00049	
S1-00050	S2-000079
S1-00051	
S1-00052	
S1-00053	S3-000028
S1-00054	S3-000029
S1-00055	S3-000030
S1-00056	S2-000085
S1-00057	S2-000088,S2-000089,S3-000031,S3-000032
S1-00058	S2-000092,S3-000033
S1-00059	S3-000034
S1-00060	S2-000096
S1-00061	
S1-00062	
S1-00063	
S1-00064	
S1-00065	S2-000103
S1-00066	
S1-00067	S2-000106
S1-00068	
S1-00069	S3-000035
S1-00070	S2-000109
S1-00071	S2-000111,S3-000036
S1-00072	S3-000037
S1-00073	S2-000114,S3-000038
S1-00074	S2-000116
S1-00075	S2-000117
S1-00076	S2-000119,S2-000120,S3-000039,S3-000040
S1-00077	S2-000123,S2-000124,S3-000041
S1-00078	S2-000125,S2-000126,S3-000042
S1-00079	S2-000129
S1-00080	
S1-00081	S2-000132,S3-000043
S1-00082	S2-000134,S3-000044
S1-00083	S3-000045
S1-00084	S2-000136
S1-00085	S2-000138
S1-00086	S2-000141,S2-000142,S3-000046
S1-00087	S2-000145
S1-00088	
S1-00089	S2-000148,S3-000047,S3-000048,S3-000049
S1-00090	
S1-00091	S3-000050
S1-00092	S3-000051,S3-000052
S1-00093	S3-000053
S1-00094	S2-000153
S1-00095	S2-000155
S1-00096	S2-000156,S3-000054
S1-00097	S2-000158,S3-000055
S1-00098	S3-000056
S1-00099	S2-000161
S1-00100	S2-000163,S2-000164,S2-000165,S3-000057,S3-000058
S1-00101	
S1-00102	S2-000169,S3-000059
S1-00103	S2-000170
S1-00104	S2-000173,S3-000060,S3-000061
S1-00105	
S1-00106	S2-000175
S1-00107	S2-000177
S1-00108	S2-000180,S3-000062,S3-000063,S3-000064
S1-00109	S2-000183
S1-00110	S2-000185,S2-000186,S2-000187,S3-000065,S3-000066
S1-00111	
S1-00112	
S1-00113	S2-000193
S1-00114	
S1-00115	S3-000067
S1-00116	S3-000068
S1-00117	
S1-00118	
S1-00119	S3-000069
S1-00120	
S1-00121	S3-000070
S1-00122	S3-000071
S1-00123	S2-000205
S1-00124	
S1-00125	S2-000208,S2-000209
S1-00126	S2-000212,S3-000072
S1-00127	
S1-00128	S3-000073,S3-000074
S1-00129	
S1-00130	S2-000219
S1-00131	S2-000220,S2-000221
S1-00132	
S1-00133	
S1-00134	S3-000075
S1-00135	
S1-00136	
S1-00137	S2-000227,S2-000228,S3-000076
S1-00138	S2-000230,S3-000077
S1-00139	
S1-00140	S2-000234,S2-000235,S3-000078,S3-000079
S1-00141	
S1-00142	
S1-00143	S2-000238,S3-000080
S1-00144	S3-000081
S1-00145	
S1-00146	
S1-00147	S2-000244,S2-000245,S3-000082,S3-000083
S1-00148	
S1-00149	S3-000084
S1-00150	S2-000249,S3-000085
S1-00151	S2-000250,S3-000086,S3-000087,S3-000088
S1-00152	
S1-00153	S2-000254,S2-000255,S3-000089,S3-000090,S3-000091
S1-00154	S3-000092
S1-00155	S2-000259
S1-00156	
S1-00157	S3-000093
S1-00158	
S1-00159	S2-000264
S1-00160	S3-000094
S1-00161	
S1-00162	
S1-00163	S2-000270,S3-000095
S1-00164	S2-000273,S2-000274,S2-000275,S3-000096
S1-00165	
S1-00166	S3-000097
S1-00167	
S1-00168	S3-000098
S1-00169	S2-000281,S2-000282,S3-000099,S3-000100,S3-000101
S1-00170	
S1-00171	S2-000283
S1-00172	S2-000286,S3-000102
S1-00173	S2-000289
S1-00174	
S1-00175	S3-000103
S1-00176	S2-000296,S2-000297,S3-000104
S1-00177	S2-000298,S3-000105
S1-00178	S2-000300,S2-000301,S2-000302,S3-000106,S3-000107
S1-00179	
S1-00180	S2-000307,S3-000108
S1-00181	S2-000309,S2-000310,S2-000311,S3-000109
S1-00182	S2-000313
S1-00183	S2-000315,S2-000316,S3-000110
S1-00184	
S1-00185	
S1-00186	S2-000321,S3-000111
S1-00187	S2-000322
S1-00188	S2-000325,S3-000112
S1-00189	S2-000327,S2-000328,S2-000329,S3-000113,S3-000114
S1-00190	
S1-00191	S2-000330,S2-000331,S3-000115
S1-00192	
S1-00193	
S1-00194	S2-000337
S1-00195	S3-000116
S1-00196	
S1-00197	S2-000342,S2-000343,S2-000344,S3-000117,S3-000118
S1-00198	
S1-00199	S2-000345
S1-00200	S2-000347
S1-00201	
S1-00202	S3-000119
S1-00203	S3-000120
S1-00204	
S1-00205	
S1-00206	
S1-00207	
S1-00208	S2-000356,S3-000121
S1-00209	S2-000357
S1-00210	S2-000360
S1-00211	
S1-00212	S2-000361,S3-000122
S1-00213	
S1-00214	S2-000363
S1-00215	
S1-00216	
S1-00217	S2-000366
S1-00218	S2-000369,S2-000370,S2-000371,S3-000123,S3-000124
S1-00219	S3-000125
S1-00220	
S1-00221	
S1-00222	S2-000373,S3-000126
S1-00223	S2-000376
S1-00224	S2-000378,S3-000127,S3-000128
S1-00225	
S1-00226	S3-000129
S1-00227	
S1-00228	S2-000387,S3-000130
S1-00229	S2-000388
S1-00230	S2-000391
S1-00231	
S1-00232	S3-000131
S1-00233	S2-000392,S3-000132
S1-00234	
S1-00235	S2-000394
S1-00236	
S1-00237	S2-000398
S1-00238	
S1-00239	
S1-00240	
S1-00241	
S1-00242	S3-000133
S1-00243	S2-000404,S2-000405,S2-000406,S3-000134
S1-00244	S2-000409
S1-00245	S3-000135
S1-00246	
S1-00247	
S1-00248	
S1-00249	
S1-00250	S2-000412,S3-000136,S3-000137,S3-000138
S1-00251	S2-000414
S1-00252	
S1-00253	
S1-00254	S3-000139
S1-00255	S2-000421,S3-000140
S1-00256	
S1-00257	S2-000424,S3-000141,S3-000142
S1-00258	S2-000427,S3-000143
S1-00259	S3-000144
S1-00260	S2-000430
S1-00261	S2-000432,S3-000145,S3-000146
S1-00262	S3-000147
S1-00263	S2-000435,S3-000148
S1-00264	S2-000436,S3-000149
S1-00265	S2-000437,S2-000438,S3-000150
S1-00266	
S1-00267	
S1-00268	
S1-00269	S3-000151
S1-00270	S3-000152
S1-00271	S2-000446,S3-000153
S1-00272	S2-000449
S1-00273	S2-000451,S3-000154
S1-00274	
S1-00275	S2-000456,S3-000155,S3-000156
S1-00276	S2-000458,S3-000157
S1-00277	S3-000158
S1-00278	
S1-00279	
S1-00280	
S1-00281	
S1-00282	
S1-00283	
S1-00284	S2-000469,S3-000159
S1-00285	S2-000470
S1-00286	S2-000471
S1-00287	
S1-00288	S3-000160
S1-00289	
S1-00290	S2-000476,S3-000161
S1-00291	S2-000478,S2-000479
S1-00292	
S1-00293	
S1-00294	
S1-00295	
S1-00296	S2-000486,S3-000162
S1-00297	S2-000489,S3-000163,S3-000164,S3-000165
S1-00298	
S1-00299	
S1-00300	
S1-00301	S3-000166
S1-00302	S2-000497,S2-000498,S3-000167
S1-00303	S3-000168
S1-00304	
S1-00305	
S1-00306	
S1-00307	S2-000505,S3-000169
S1-00308	S2-000506,S3-000170
S1-00309	
S1-00310	
S1-00311	
S1-00312	
S1-00313	S3-000171
S1-00314	S2-000515,S2-000516,S3-000172,S3-000173
S1-00315	
S1-00316	
S1-00317	S3-000174,S3-000175
S1-00318	
S1-00319	S2-000525
S1-00320	
S1-00321	S2-000529
S1-00322	
S1-00323	S3-000176
S1-00324	S3-000177
S1-00325	S3-000178
S1-00326	S2-000536
S1-00327	S2-000538,S3-000179,S3-000180
S1-00328	S2-000540
S1-00329	S2-000542
S1-00330	
S1-00331	S2-000545,S3-000181
S1-00332	
S1-00333	S2-000550
S1-00334	S3-000182
S1-00335	S2-000552,S2-000553,S3-000183
S1-00336	S2-000554
S1-00337	
S1-00338	S2-000558,S2-000559,S3-000184
S1-00339	S3-000185
S1-00340	S2-000562,S3-000186
S1-00341	S2-000565,S3-000187
S1-00342	
S1-00343	S2-000570
S1-00344	
S1-00345	
S1-00346	
S1-00347	
S1-00348	
S1-00349	S2-000575
S1-00350	S2-000578,S3-000188
S1-00351	
S1-00352	S2-000580
S1-00353	S2-000583
S1-00354	S3-000189
S1-00355	S3-000190
S1-00356	S2-000588,S3-000191
S1-00357	
S1-00358	
S1-00359	
S1-00360	S2-000593,S2-000594,S3-000192
S1-00361	S2-000597
S1-00362	S2-000600,S2-000601,S3-000193,S3-000194
S1-00363	
S1-00364	
S1-00365	S3-000195
S1-00366	S2-000606
S1-00367	S2-000609
S1-00368	S3-000196
S1-00369	
S1-00370	S2-000613
S1-00371	
S1-00372	
S1-00373	S2-000618,S2-000619,S3-000197,S3-000198
S1-00374	
S1-00375	S3-000199
S1-00376	S2-000621,S3-000200
S1-00377	
S1-00378	
S1-00379	S2-000626,S2-000627,S3-000201
S1-00380	S3-000202,S3-000203
S1-00381	S2-000628,S3-000204
S1-00382	
S1-00383	S2-000630,S3-000205
S1-00384	
S1-00385	
S1-00386	
S1-00387	
S1-00388	S2-000636,S3-000206
S1-00389	S2-000639,S3-000207
S1-00390	S3-000208,S3-000209
S1-00391	S2-000640,S3-000210
S1-00392	
S1-00393	S2-000643,S2-000644,S3-000211,S3-000212
S1-00394	S2-000646,S3-000213
S1-00395	S3-000214,S3-000215,S3-000216
S1-00396	
S1-00397	S2-000652
S1-00398	S2-000653
S1-00399	S2-000654,S2-000655,S3-000217,S3-000218
S1-00400	
